feature_name,feature_importance,rank,fold_number
ela_meta.lin_simple.intercept,0.2865466931281895,1,1
ic.eps.s,0.28551426330952084,2,1
disp.ratio_mean_10,0.13288312403604868,3,1
pca.expl_var_PC1.cov_init,0.10353737698924828,4,1
ela_level.lda_qda_25,0.07992307160820153,5,1
ela_distr.number_of_peaks,0.04937133740973804,6,1
ela_distr.skewness,0.0440734576943496,7,1
nbc.nn_nb.cor,0.03277035601465707,8,1
ela_level.lda_qda_50,0.024798883154221515,9,1
ela_level.mmce_qda_10,0.023735837958884586,10,1
ela_level.lda_mda_50,0.022805479202155973,11,1
ela_meta.lin_simple.coef.max_by_min,0.02129843574309586,12,1
ela_level.mmce_mda_50,0.02051840287137388,13,1
ela_meta.quad_simple.cond,0.01933509878522781,14,1
pca.expl_var_PC1.cor_x,0.014216798500245806,15,1
ela_meta.lin_simple.adj_r2,0.011430242830754132,16,1
ela_level.lda_mda_25,0.010830616437749503,17,1
ela_level.lda_qda_10,0.01032538167868856,18,1
ela_meta.quad_w_interact.adj_r2,0.008735350273663069,19,1
pca.expl_var.cor_init,0.008273110403512977,20,1
ela_level.qda_mda_25,0.006989698441272506,21,1
ela_level.qda_mda_50,0.006105983461851149,22,1
ela_level.mmce_lda_50,0.005068969502839739,23,1
ela_level.lda_mda_10,0.004989205596175197,24,1
ela_level.mmce_lda_10,0.0028100945082970377,25,1
nbc.nb_fitness.cor,0.0025780943624905744,26,1
ela_level.mmce_lda_25,0.00241914004130626,27,1
ela_meta.lin_simple.intercept,0.2584548439561519,1,2
ic.eps.s,0.24176820016968587,2,2
disp.ratio_mean_10,0.1256310448986429,3,2
pca.expl_var_PC1.cov_init,0.09911845963234403,4,2
ela_level.lda_qda_25,0.06953050073130676,5,2
ela_level.lda_qda_10,0.06517360524576148,6,2
ela_level.mmce_mda_50,0.06497265801531625,7,2
ela_meta.lin_w_interact.adj_r2,0.051319794611592626,8,2
ela_meta.quad_simple.adj_r2,0.040937009135299025,9,2
ela_distr.number_of_peaks,0.03978299712418283,10,2
ela_distr.skewness,0.03816805663531954,11,2
ela_level.mmce_qda_10,0.032905178317764565,12,2
ela_level.lda_mda_25,0.02938265300935097,13,2
nbc.nn_nb.cor,0.021501095879809258,14,2
ela_level.lda_qda_50,0.02057398837831137,15,2
ela_level.lda_mda_50,0.0204825084702212,16,2
ela_level.lda_mda_10,0.017077883573625798,17,2
ela_meta.lin_simple.coef.max_by_min,0.016578162592375437,18,2
ela_meta.quad_simple.cond,0.015324526506311326,19,2
ela_level.qda_mda_25,0.00739902963759931,20,2
ela_level.qda_mda_50,0.006773197989833805,21,2
pca.expl_var.cor_init,0.005007543621624038,22,2
pca.expl_var_PC1.cor_x,0.004976063252304541,23,2
ela_level.mmce_lda_25,0.0039158504935223725,24,2
ela_level.mmce_lda_50,0.00378479669584075,25,2
nbc.nb_fitness.cor,0.002572527975397394,26,2
ela_level.mmce_lda_10,0.0025008562687729757,27,2
ela_meta.lin_simple.intercept,0.3681732617517205,1,3
ic.eps.s,0.3184789738388147,2,3
disp.ratio_mean_10,0.14361173457634155,3,3
pca.expl_var_PC1.cov_init,0.08169929473553096,4,3
ela_distr.number_of_peaks,0.0714373322493286,5,3
ela_distr.skewness,0.04030809274904295,6,3
ela_level.lda_qda_25,0.03605598880418357,7,3
ela_level.lda_qda_50,0.02527889988238136,8,3
nbc.nn_nb.cor,0.025104801978463688,9,3
ela_level.mmce_qda_10,0.022340360040840813,10,3
ela_meta.lin_simple.coef.max_by_min,0.019904670103887627,11,3
ela_level.lda_mda_10,0.01974183114442861,12,3
ela_level.mmce_mda_50,0.017192829498347998,13,3
ela_level.lda_mda_50,0.01661918997410519,14,3
ela_meta.quad_simple.cond,0.015538452869818847,15,3
pca.expl_var_PC1.cor_x,0.014381779326649078,16,3
ela_level.lda_qda_10,0.0141173753712491,17,3
ela_level.mmce_mda_10,0.010440673949049618,18,3
ela_meta.lin_simple.adj_r2,0.009839814563331052,19,3
ela_level.mmce_lda_50,0.008713635465116625,20,3
ela_level.qda_mda_25,0.00804621021199568,21,3
pca.expl_var.cor_init,0.006800062502320467,22,3
ela_level.lda_mda_25,0.004900560796079756,23,3
ela_level.mmce_lda_25,0.0046722152839912805,24,3
nbc.nb_fitness.cor,0.004489626430036609,25,3
ela_level.qda_mda_50,0.004249697692839987,26,3
ela_meta.quad_w_interact.adj_r2,0.00299795916809162,27,3
ela_meta.lin_simple.intercept,0.3691738163808693,1,4
ic.eps.s,0.3220057034042513,2,4
disp.ratio_mean_10,0.10599819168810813,3,4
pca.expl_var_PC1.cov_init,0.09214919072000956,4,4
ela_level.lda_qda_25,0.065225241051088,5,4
ela_distr.number_of_peaks,0.0544243628787929,6,4
ela_distr.skewness,0.03487995901360166,7,4
ela_level.mmce_qda_10,0.033489664548020145,8,4
ela_level.lda_qda_10,0.023784028655295535,9,4
ela_level.lda_qda_50,0.022921064813166643,10,4
ela_level.lda_mda_10,0.022409330241717873,11,4
ela_level.lda_mda_50,0.019346372400033708,12,4
ela_meta.quad_simple.cond,0.01883684350359513,13,4
ela_level.mmce_mda_50,0.017873372895666626,14,4
ela_meta.lin_simple.coef.max_by_min,0.01776809495175439,15,4
ela_level.mmce_lda_50,0.014782696304054224,16,4
ela_meta.lin_simple.adj_r2,0.013538602041641633,17,4
pca.expl_var_PC1.cor_x,0.013163487862329334,18,4
nbc.nn_nb.cor,0.01298066601972888,19,4
ela_level.mmce_mda_10,0.011742805156618115,20,4
ela_level.lda_mda_25,0.011198257917314436,21,4
nbc.nb_fitness.cor,0.010155053479089887,22,4
ela_meta.quad_w_interact.adj_r2,0.008638543102322404,23,4
ela_level.qda_mda_25,0.005948558232503863,24,4
ela_level.qda_mda_50,0.005209373493263059,25,4
ela_level.mmce_lda_25,0.004782579435589089,26,4
pca.expl_var.cor_init,0.0024289106147769657,27,4
ela_meta.lin_simple.intercept,0.34524592468477733,1,5
ic.eps.s,0.3038135451183822,2,5
disp.ratio_mean_10,0.14255561745203343,3,5
pca.expl_var_PC1.cov_init,0.0720226113682454,4,5
ela_level.lda_qda_25,0.059228356530768814,5,5
ela_distr.number_of_peaks,0.04454128741599982,6,5
ela_level.lda_qda_10,0.03923196951756498,7,5
ela_meta.lin_simple.coef.max_by_min,0.028963255752860958,8,5
ela_level.lda_qda_50,0.025605555285648975,9,5
ela_level.lda_mda_10,0.023128900849531793,10,5
ela_meta.quad_simple.cond,0.02239118035377616,11,5
ela_level.lda_mda_50,0.02177576047194175,12,5
ela_level.mmce_mda_50,0.021190363108927978,13,5
pca.expl_var_PC1.cor_x,0.018910602434726385,14,5
ela_meta.quad_w_interact.adj_r2,0.018767105531850067,15,5
ela_level.mmce_qda_10,0.01736240052820991,16,5
nbc.nn_nb.cor,0.015756639800303708,17,5
ela_distr.skewness,0.013712428403173445,18,5
ela_level.qda_mda_25,0.012553966396172147,19,5
ela_level.lda_mda_25,0.00972277411462255,20,5
ela_level.mmce_lda_50,0.009622455414251576,21,5
ela_level.mmce_lda_25,0.009386492063059172,22,5
nbc.nb_fitness.cor,0.007609794305686528,23,5
ela_level.mmce_lda_10,0.0064860554077871375,24,5
ela_level.qda_mda_50,0.006468976587319684,25,5
ela_meta.lin_simple.adj_r2,0.006348976710715934,26,5
pca.expl_var.cor_init,0.00300415882271897,27,5
ela_meta.lin_simple.intercept,0.38484201866104695,1,6
ic.eps.s,0.23501099087642965,2,6
disp.ratio_mean_10,0.16466261038589322,3,6
pca.expl_var_PC1.cov_init,0.07506020556901849,4,6
ela_level.lda_qda_25,0.07213583731702738,5,6
ela_meta.quad_simple.cond,0.040078085403313105,6,6
ela_distr.number_of_peaks,0.03259504873411536,7,6
ela_level.lda_qda_10,0.03229532494042549,8,6
ela_level.mmce_mda_50,0.03203843891837616,9,6
ela_meta.lin_simple.coef.max_by_min,0.03128889306373615,10,6
ela_distr.skewness,0.026122915046608453,11,6
pca.expl_var_PC1.cor_x,0.025190972339941504,12,6
ela_level.lda_mda_10,0.01825871579946566,13,6
ela_level.mmce_qda_10,0.01781963057780056,14,6
ela_meta.quad_w_interact.adj_r2,0.01726447281488287,15,6
ela_level.lda_qda_50,0.015391918264516457,16,6
ela_level.lda_mda_50,0.01388190849161346,17,6
ela_level.mmce_lda_50,0.01378662645708467,18,6
ela_level.mmce_lda_25,0.01237676167768063,19,6
ela_level.lda_mda_25,0.01151281191791479,20,6
pca.expl_var.cor_init,0.009651085577055612,21,6
ela_level.qda_mda_25,0.00800575035450994,22,6
ela_level.mmce_lda_10,0.00746493756922697,23,6
nbc.nb_fitness.cor,0.007205518146523916,24,6
ela_meta.lin_simple.adj_r2,0.006956163261307052,25,6
ela_level.qda_mda_50,0.006373504400274214,26,6
ic.eps.ratio,0.3256102160388134,1,7
ela_meta.lin_simple.intercept,0.31813355921959546,2,7
pca.expl_var_PC1.cov_init,0.14697139580196822,3,7
disp.ratio_mean_10,0.08309038556842148,4,7
ela_level.lda_qda_25,0.048982076060326694,5,7
ela_distr.number_of_peaks,0.04682037139133251,6,7
ela_level.lda_mda_10,0.04370614737564467,7,7
ela_level.lda_qda_10,0.03396288950437622,8,7
nbc.nn_nb.cor,0.029559091827099128,9,7
ela_distr.skewness,0.028647704392845582,10,7
ela_meta.quad_simple.cond,0.026459295668721704,11,7
ela_meta.lin_simple.adj_r2,0.023381643392269228,12,7
ela_level.mmce_mda_50,0.023242736982094305,13,7
ela_meta.lin_simple.coef.max_by_min,0.023109979774652376,14,7
ela_level.lda_mda_50,0.019222337622135686,15,7
ela_level.mmce_qda_10,0.018599487274116686,16,7
ela_meta.quad_w_interact.adj_r2,0.018058946547477934,17,7
ela_level.lda_qda_50,0.017563470440441955,18,7
ela_level.lda_mda_25,0.013817414555315329,19,7
pca.expl_var_PC1.cor_x,0.010691637538206832,20,7
ela_level.mmce_lda_50,0.009161159207103243,21,7
nbc.nb_fitness.cor,0.007635945253387431,22,7
ela_level.mmce_lda_10,0.006690007455713163,23,7
pca.expl_var.cor_init,0.005667266450556367,24,7
ela_level.qda_mda_50,0.0053178967207127255,25,7
ela_level.qda_mda_25,0.004766440311313321,26,7
ela_level.mmce_lda_25,0.004601840909708135,27,7
ela_meta.lin_simple.intercept,0.3438628556841521,1,8
ic.eps.s,0.34056350364757426,2,8
pca.expl_var_PC1.cov_init,0.1173135252232144,3,8
disp.ratio_mean_10,0.08478912251336865,4,8
ela_level.lda_qda_25,0.06790559663258927,5,8
ela_distr.number_of_peaks,0.05554807602214301,6,8
ela_level.lda_qda_10,0.04365452417127941,7,8
ela_level.lda_mda_10,0.03252830555885915,8,8
ela_distr.skewness,0.02817524621551625,9,8
ela_level.lda_qda_50,0.02451838141231336,10,8
ela_level.lda_mda_50,0.020531860865242734,11,8
nbc.nn_nb.cor,0.019556358872781412,12,8
ela_meta.quad_simple.cond,0.019501317991603383,13,8
ela_level.mmce_mda_50,0.017804525949062077,14,8
pca.expl_var_PC1.cor_x,0.01730247521026863,15,8
ela_meta.lin_simple.coef.max_by_min,0.015720872027996033,16,8
pca.expl_var_PC1.cor_init,0.013753311205157086,17,8
ela_level.mmce_lda_50,0.012416687470023415,18,8
ela_level.lda_mda_25,0.01033004440689157,19,8
ela_level.mmce_lda_25,0.01029801591655659,20,8
ela_level.mmce_qda_10,0.009719194184229406,21,8
ela_level.mmce_mda_10,0.0071355195793446615,22,8
nbc.nb_fitness.cor,0.005510634533874762,23,8
ela_level.qda_mda_25,0.005216771078627329,24,8
ela_meta.quad_w_interact.adj_r2,0.003961967803472173,25,8
ela_level.qda_mda_50,0.003914492167948842,26,8
pca.expl_var.cor_init,0.0025532549428149277,27,8
ela_meta.lin_simple.intercept,0.3845849522538311,1,9
ic.eps.s,0.29950143267860363,2,9
pca.expl_var_PC1.cov_init,0.09657311992352781,3,9
nbc.nn_nb.sd_ratio,0.07649486447069491,4,9
ela_distr.number_of_peaks,0.07615821356225184,5,9
ela_level.lda_qda_25,0.061186694664060855,6,9
ela_level.lda_qda_10,0.04768666345720724,7,9
ela_distr.skewness,0.0438063010794308,8,9
pca.expl_var_PC1.cor_x,0.024472033935169,9,9
ela_level.lda_qda_50,0.02237277098945725,10,9
ela_level.lda_mda_10,0.02211599187212047,11,9
ela_meta.lin_simple.coef.max_by_min,0.020573834640762872,12,9
ela_level.mmce_mda_50,0.019852043971808696,13,9
ela_meta.quad_simple.cond,0.019460643405125135,14,9
ela_level.mmce_qda_10,0.014667640846832782,15,9
ela_level.lda_mda_50,0.012532993423438351,16,9
ela_level.mmce_lda_25,0.011275804824166898,17,9
ela_meta.lin_simple.adj_r2,0.011144743876586805,18,9
ela_level.mmce_lda_10,0.010249578540018072,19,9
pca.expl_var.cor_init,0.01015669492676319,20,9
ela_level.lda_mda_25,0.0096910926621042,21,9
nbc.nb_fitness.cor,0.009577093265840098,22,9
ela_level.mmce_lda_50,0.00940096031248686,23,9
ela_meta.quad_w_interact.adj_r2,0.006476420460946675,24,9
ela_level.qda_mda_25,0.006040531216342625,25,9
ela_level.qda_mda_50,0.002887456199990626,26,9
ela_meta.lin_simple.intercept,0.37107005869584914,1,10
ic.eps.s,0.3077036691858728,2,10
disp.ratio_mean_10,0.10554098310706492,3,10
ela_distr.skewness,0.06572627359691814,4,10
pca.expl_var_PC1.cov_init,0.06411915589871695,5,10
ela_level.lda_qda_25,0.04991158259807788,6,10
ela_level.lda_qda_10,0.044915962090081245,7,10
ela_distr.number_of_peaks,0.04381116493156935,8,10
ela_level.mmce_mda_50,0.02801000889928702,9,10
ela_level.lda_mda_10,0.026401493151149744,10,10
ela_level.lda_qda_50,0.023582729837186248,11,10
ela_meta.quad_simple.cond,0.019052501294244625,12,10
ela_level.lda_mda_50,0.019006039789667344,13,10
ela_level.mmce_qda_10,0.01578402494049391,14,10
ela_meta.lin_simple.coef.max_by_min,0.015534094784625481,15,10
ela_level.qda_mda_25,0.014564752475039576,16,10
ela_meta.lin_simple.adj_r2,0.014294403121666471,17,10
nbc.nn_nb.cor,0.01159588974263126,18,10
ela_meta.quad_w_interact.adj_r2,0.009772471486352735,19,10
ela_level.mmce_lda_25,0.009454520670599334,20,10
ela_level.mmce_lda_50,0.008465357782254651,21,10
pca.expl_var_PC1.cor_x,0.007660277805121446,22,10
ela_level.lda_mda_25,0.007398791844185434,23,10
ela_level.qda_mda_50,0.006825118465145077,24,10
nbc.nb_fitness.cor,0.00558615372193644,25,10
ela_level.mmce_lda_10,0.002913980972735542,26,10
pca.expl_var.cor_init,0.00221820713414931,27,10
ela_meta.lin_simple.intercept,0.40105658390382426,1,11
ic.eps.s,0.3005280710567558,2,11
pca.expl_var_PC1.cov_init,0.07721826798885338,3,11
disp.ratio_mean_10,0.07257718171252527,4,11
ela_level.lda_qda_25,0.058110335579310085,5,11
ela_distr.skewness,0.0527927613098215,6,11
ela_distr.number_of_peaks,0.04944380654250748,7,11
ela_level.lda_qda_10,0.03942603884558585,8,11
ela_level.lda_mda_10,0.03026374272665211,9,11
ela_level.mmce_mda_50,0.024692960972470333,10,11
ela_level.mmce_qda_10,0.024135342193044595,11,11
ela_level.lda_mda_50,0.023150931364738184,12,11
ela_meta.lin_simple.coef.max_by_min,0.023022239281111145,13,11
ela_level.lda_qda_50,0.019436306101425587,14,11
pca.expl_var.cor_init,0.017812677007825715,15,11
pca.expl_var_PC1.cor_x,0.017092347964623444,16,11
ela_meta.quad_simple.cond,0.016807574746973558,17,11
ela_level.qda_mda_25,0.014639105745334946,18,11
ela_meta.lin_simple.adj_r2,0.011965073922861533,19,11
nbc.nb_fitness.cor,0.011556026588581524,20,11
ela_level.lda_mda_25,0.011271689081000158,21,11
ela_level.mmce_lda_50,0.01104403506121376,22,11
ela_level.qda_mda_50,0.008228434188617476,23,11
ela_level.mmce_lda_25,0.007802898886676836,24,11
ela_meta.quad_w_interact.adj_r2,0.006203768386682743,25,11
ela_level.mmce_lda_10,0.0056033674051500755,26,11
ela_meta.lin_simple.intercept,0.3411035688431012,1,12
ic.eps.s,0.2754835439146426,2,12
disp.diff_mean_10,0.15611952742320018,3,12
pca.expl_var_PC1.cov_init,0.06447084243090682,4,12
ela_level.lda_qda_25,0.06164297571496727,5,12
ela_distr.number_of_peaks,0.038252449548818956,6,12
ela_level.lda_qda_10,0.0375758727836098,7,12
ela_level.mmce_mda_50,0.023855719431436263,8,12
ela_level.lda_mda_25,0.022493155136662044,9,12
ela_level.lda_qda_50,0.020410205477032057,10,12
ela_level.mmce_qda_10,0.018318454656148866,11,12
ela_distr.skewness,0.017120257425112327,12,12
nbc.nn_nb.cor,0.016982206630178732,13,12
ela_meta.quad_w_interact.adj_r2,0.016946105689243342,14,12
ela_meta.quad_simple.cond,0.01605216724469045,15,12
pca.expl_var_PC1.cor_x,0.015782021104323106,16,12
ela_meta.lin_simple.coef.max_by_min,0.01403082740123795,17,12
ela_level.mmce_lda_50,0.01377503838675989,18,12
ela_level.lda_mda_50,0.0136136462655113,19,12
ela_level.lda_mda_10,0.01185483113743865,20,12
ela_level.mmce_lda_25,0.011710107898341367,21,12
ela_level.qda_mda_25,0.010183295107401341,22,12
ela_meta.lin_simple.adj_r2,0.008779650826631276,23,12
nbc.nb_fitness.cor,0.008154840904937118,24,12
ela_level.qda_mda_50,0.00786590668542219,25,12
ela_level.mmce_lda_10,0.005574578281794202,26,12
pca.expl_var.cor_init,0.004559075731846143,27,12
ela_meta.lin_simple.intercept,0.3308770085347195,1,13
ic.eps.s,0.25679976683811234,2,13
disp.ratio_mean_10,0.08186684801827923,3,13
ela_level.lda_qda_25,0.06326076674446274,4,13
pca.expl_var_PC1.cov_init,0.058247176170414285,5,13
ela_level.mmce_mda_50,0.05082891899529981,6,13
ela_distr.number_of_peaks,0.04945262012424443,7,13
ela_level.lda_qda_10,0.044747297871111986,8,13
nbc.nn_nb.cor,0.031928831413682995,9,13
ela_meta.lin_simple.adj_r2,0.02582621235778878,10,13
ela_level.mmce_qda_10,0.023361893970537825,11,13
ela_level.lda_mda_25,0.02243143814942778,12,13
ela_meta.quad_simple.cond,0.020830447089432717,13,13
pca.expl_var_PC1.cor_x,0.020678903876809526,14,13
ela_level.lda_mda_50,0.019029712365164902,15,13
ela_distr.skewness,0.018446975760130525,16,13
ela_level.lda_qda_50,0.018090602971998857,17,13
ela_level.mmce_lda_50,0.013697254302490037,18,13
ela_level.lda_mda_10,0.011958498398231699,19,13
ela_meta.lin_simple.coef.max_by_min,0.01178923930469914,20,13
ela_meta.quad_w_interact.adj_r2,0.011373890707873344,21,13
ela_level.mmce_lda_10,0.010172526566924378,22,13
ela_level.qda_mda_25,0.010137618888343563,23,13
nbc.nb_fitness.cor,0.008098630020267337,24,13
ela_level.mmce_lda_25,0.007024766224902216,25,13
ela_level.qda_mda_50,0.007015975580237408,26,13
pca.expl_var.cor_init,0.004310383472716847,27,13
ic.eps.s,0.38711722574656643,1,14
ela_meta.lin_simple.coef.min,0.3672946338879838,2,14
pca.expl_var_PC1.cov_init,0.11718914488683894,3,14
disp.ratio_mean_10,0.09061985574021605,4,14
ic.h.max,0.05047701779524544,5,14
ela_level.lda_qda_25,0.04031176067798699,6,14
nbc.nn_nb.cor,0.03514672746665202,7,14
ela_level.lda_qda_10,0.028790998166371536,8,14
ela_level.mmce_mda_50,0.02714059883464378,9,14
ela_level.lda_mda_10,0.022129633292642652,10,14
ela_distr.skewness,0.02070483365972956,11,14
ela_level.lda_qda_50,0.019150250967234324,12,14
ela_level.lda_mda_50,0.015742158271511687,13,14
ela_level.mmce_qda_10,0.014768194461355926,14,14
ela_meta.quad_simple.cond,0.013811211922894823,15,14
ela_meta.lin_simple.coef.max_by_min,0.013161481335728009,16,14
pca.expl_var_PC1.cor_x,0.012902061803229356,17,14
ela_level.qda_mda_50,0.011470610081621447,18,14
ela_level.qda_mda_25,0.01081303868631818,19,14
ela_level.lda_mda_25,0.010270864888565526,20,14
ela_meta.lin_simple.adj_r2,0.010206553975043733,21,14
nbc.nb_fitness.cor,0.009091564133644075,22,14
ela_level.mmce_lda_50,0.005919559919717713,23,14
ela_level.mmce_mda_10,0.005745678608825463,24,14
pca.expl_var.cor_init,0.005497062875103655,25,14
ela_level.mmce_lda_25,0.005075126840889966,26,14
ela_meta.quad_w_interact.adj_r2,0.003791582772838966,27,14
ela_meta.lin_simple.intercept,0.4176632721717919,1,15
ic.eps.s,0.38327736385606676,2,15
pca.expl_var_PC1.cov_init,0.07602894043326965,3,15
ela_level.lda_qda_25,0.05359218827942987,4,15
ela_distr.skewness,0.04215174562496522,5,15
disp.ratio_mean_10,0.03364552106465668,6,15
ela_level.lda_qda_10,0.03337442863812248,7,15
ela_meta.quad_simple.cond,0.029927155540710616,8,15
ela_level.lda_qda_50,0.023806756939392576,9,15
ela_level.mmce_qda_10,0.022432907487288326,10,15
ela_level.mmce_mda_50,0.02075855113283658,11,15
ela_level.lda_mda_50,0.01931984160402231,12,15
nbc.nn_nb.cor,0.015400842921647161,13,15
ela_meta.lin_simple.coef.max_by_min,0.013845663283399017,14,15
ela_level.lda_mda_25,0.013680032228898818,15,15
ela_meta.lin_simple.adj_r2,0.013590738696776947,16,15
ela_level.lda_mda_10,0.013427345714213598,17,15
ela_meta.quad_w_interact.adj_r2,0.012114831783125874,18,15
ela_level.qda_mda_50,0.011557603283146426,19,15
pca.expl_var.cor_init,0.009282033426521896,20,15
ela_level.qda_mda_25,0.00912030720196156,21,15
ela_level.mmce_lda_25,0.009069284491066473,22,15
ela_level.mmce_lda_10,0.008934543053015314,23,15
ela_level.mmce_lda_50,0.00790488294084281,24,15
ela_distr.number_of_peaks,0.007531429512344241,25,15
nbc.nb_fitness.cor,0.005780496521494016,26,15
pca.expl_var_PC1.cor_x,0.0019233715202989965,27,15
ela_meta.lin_simple.intercept,0.36152212166258896,1,16
ic.eps.s,0.32925101463652573,2,16
ela_level.lda_qda_25,0.0742713942004862,3,16
disp.diff_median_25,0.07269407806379238,4,16
ela_distr.number_of_peaks,0.05145501217577103,5,16
pca.expl_var_PC1.cov_init,0.046467284230746156,6,16
ela_distr.skewness,0.04045572670437337,7,16
ela_level.lda_qda_10,0.039029828257179516,8,16
ela_level.lda_mda_25,0.024458147435460608,9,16
ela_level.lda_mda_50,0.02189189306305588,10,16
ela_meta.quad_simple.cond,0.021189748694364054,11,16
ela_meta.quad_w_interact.adj_r2,0.020588755129848788,12,16
ela_level.lda_mda_10,0.01970658562722272,13,16
pca.expl_var_PC1.cor_x,0.018078138908911686,14,16
ela_level.mmce_mda_50,0.018009067288860064,15,16
ela_meta.lin_simple.coef.max_by_min,0.017764709765041544,16,16
ela_level.lda_qda_50,0.016468459786554257,17,16
nbc.nn_nb.cor,0.014919379727665369,18,16
ela_level.mmce_qda_10,0.011480132598850964,19,16
ela_meta.lin_simple.adj_r2,0.01062104991575197,20,16
ela_level.qda_mda_50,0.007824654304942202,21,16
nbc.nb_fitness.cor,0.007653919178454531,22,16
ela_level.mmce_lda_10,0.007034738581925585,23,16
ela_level.mmce_lda_50,0.0064249491731174415,24,16
ela_level.mmce_lda_25,0.005617560682975871,25,16
ela_level.qda_mda_25,0.005437505675448056,26,16
pca.expl_var.cor_init,0.0025225048747798376,27,16
ela_meta.lin_simple.coef.min,0.33105803164947145,1,17
pca.expl_var_PC1.cov_init,0.32906207312684815,2,17
ic.eps.ratio,0.29205934695384883,3,17
disp.diff_median_25,0.10311586377905504,4,17
ela_level.lda_qda_10,0.06024857746165247,5,17
ela_level.lda_mda_10,0.04001802721410241,6,17
ela_distr.number_of_peaks,0.032577808797224425,7,17
ela_distr.skewness,0.028853762468779597,8,17
nbc.nn_nb.cor,0.02211579662814161,9,17
ela_level.mmce_qda_10,0.021786148139335156,10,17
ela_level.lda_qda_50,0.02032599478026069,11,17
ela_level.lda_mda_25,0.018225980093884136,12,17
ela_level.lda_qda_25,0.017089438907593815,13,17
ela_meta.lin_simple.coef.max_by_min,0.016563003753289778,14,17
pca.expl_var_PC1.cor_x,0.016120593656917336,15,17
ela_meta.quad_simple.cond,0.013497443290045428,16,17
ela_level.lda_mda_50,0.013385285570556403,17,17
ela_level.mmce_lda_50,0.012534655292231337,18,17
ela_level.mmce_mda_10,0.011813805594168498,19,17
ela_meta.lin_simple.adj_r2,0.011693982170321901,20,17
ela_meta.quad_w_interact.adj_r2,0.009746004907424844,21,17
nbc.nb_fitness.cor,0.009674128856090468,22,17
ela_level.qda_mda_25,0.00931321717768435,23,17
ela_level.mmce_lda_25,0.007957005721350123,24,17
ela_level.mmce_mda_50,0.0077762802109439064,25,17
ela_level.qda_mda_50,0.005507100866962314,26,17
pca.expl_var.cor_init,0.0034893758197116573,27,17
ic.eps.ratio,0.45546988514524617,1,18
ic.eps.max,0.22629887777812077,2,18
pca.expl_var_PC1.cov_init,0.2183149068318237,3,18
disp.ratio_mean_10,0.12512267011490155,4,18
ela_level.lda_qda_25,0.059280039367281004,5,18
ela_distr.skewness,0.04280760103725016,6,18
ela_level.lda_qda_10,0.04197268064399476,7,18
ela_meta.lin_simple.coef.max_by_min,0.022191099706008806,8,18
nbc.nn_nb.cor,0.0207447673153837,9,18
ela_meta.quad_w_interact.adj_r2,0.020334683120051166,10,18
ela_distr.number_of_peaks,0.019616543539813912,11,18
ela_level.lda_qda_50,0.017169511048008738,12,18
ela_meta.quad_simple.cond,0.016381204870581898,13,18
ela_meta.lin_simple.adj_r2,0.015850139174673872,14,18
ela_level.lda_mda_50,0.01564173500032579,15,18
ela_level.mmce_qda_10,0.01562740104963391,16,18
ela_level.lda_mda_25,0.011897022166609712,17,18
ela_level.lda_mda_10,0.009891029708779395,18,18
nbc.nb_fitness.cor,0.009834542169205448,19,18
ela_level.mmce_lda_50,0.009540166398121507,20,18
pca.expl_var.cor_init,0.00853005168386046,21,18
ela_level.mmce_lda_10,0.008517260642357503,22,18
pca.expl_var_PC1.cor_x,0.00804762222211724,23,18
ela_level.mmce_lda_25,0.007464299745012337,24,18
ela_level.mmce_mda_50,0.007162535129915295,25,18
ela_level.qda_mda_50,0.006936749014727047,26,18
ela_level.qda_mda_25,0.004916111362551784,27,18
ic.eps.s,0.42870712062060806,1,19
ela_meta.lin_simple.intercept,0.3664811429678084,2,19
pca.expl_var_PC1.cov_init,0.11605182825372841,3,19
disp.ratio_mean_10,0.10931942058116177,4,19
ela_level.lda_qda_25,0.06059697568932024,5,19
ela_distr.skewness,0.04358430768589256,6,19
ela_level.lda_qda_10,0.03241301409444441,7,19
ela_level.lda_qda_50,0.03210222711430542,8,19
pca.expl_var_PC1.cor_x,0.02593634290646629,9,19
nbc.nn_nb.cor,0.025847603444578187,10,19
ela_level.mmce_mda_50,0.024182213621781832,11,19
ela_level.mmce_qda_10,0.021613325829256323,12,19
ela_meta.lin_simple.coef.max_by_min,0.01801209981871738,13,19
ela_level.lda_mda_10,0.016838909180221108,14,19
ela_distr.number_of_peaks,0.012841707499551549,15,19
ela_level.lda_mda_25,0.012254794929575302,16,19
ela_level.qda_mda_50,0.011334255689338341,17,19
ela_level.lda_mda_50,0.01107328569201484,18,19
nbc.nb_fitness.cor,0.01050399283980206,19,19
ela_level.mmce_mda_10,0.0101152272841134,20,19
ela_meta.quad_simple.cond,0.008497557296533474,21,19
ela_level.mmce_lda_50,0.007470836299243686,22,19
ela_meta.quad_w_interact.adj_r2,0.007096925800100706,23,19
ela_level.mmce_lda_25,0.0067698306638673674,24,19
ela_level.qda_mda_25,0.005044525999674209,25,19
pca.expl_var.cor_init,0.004779524696892738,26,19
pca.expl_var_PC1.cor_init,0.004704652376491928,27,19
ela_meta.lin_simple.intercept,0.4318617412390776,1,20
ic.eps.s,0.2807058801145686,2,20
disp.ratio_mean_10,0.11773294258848813,3,20
pca.expl_var_PC1.cov_init,0.10651249500449846,4,20
ela_distr.number_of_peaks,0.06421285875712626,5,20
ela_level.mmce_mda_50,0.04857748033790078,6,20
ela_level.lda_qda_25,0.03742910180165886,7,20
ela_distr.skewness,0.031020257067319056,8,20
ela_level.lda_mda_25,0.03091443776784643,9,20
ela_level.lda_qda_10,0.03078211233461714,10,20
ela_meta.lin_simple.coef.max_by_min,0.021099820397407328,11,20
ela_level.lda_mda_50,0.020584524722466187,12,20
ela_level.lda_qda_50,0.01454756084438192,13,20
ela_level.lda_mda_10,0.013168807581198814,14,20
ela_meta.quad_simple.cond,0.012357512675275023,15,20
nbc.nn_nb.cor,0.0110851106295782,16,20
ela_level.mmce_lda_50,0.00982815864116363,17,20
ela_meta.lin_simple.adj_r2,0.009705948055703534,18,20
ela_level.mmce_lda_25,0.009089974913449097,19,20
ela_level.mmce_qda_10,0.008842906622508993,20,20
ela_meta.quad_w_interact.adj_r2,0.008641853580278601,21,20
ela_level.qda_mda_50,0.007151464593702613,22,20
pca.expl_var.cor_init,0.005365922754850819,23,20
ela_level.qda_mda_25,0.0042323517295052866,24,20
nbc.nb_fitness.cor,0.003221600481454815,25,20
pca.expl_var_PC1.cor_x,0.0029894662566332737,26,20
ela_level.mmce_lda_10,0.0017315759497110725,27,20
ic.eps.s,0.470404837022391,1,21
ela_meta.lin_simple.coef.min,0.3281825139318624,2,21
pca.expl_var_PC1.cov_init,0.15333270119196493,3,21
disp.ratio_mean_10,0.07925848219150267,4,21
ela_level.lda_qda_50,0.06356257020791653,5,21
ela_distr.number_of_peaks,0.04990276176063264,6,21
ela_distr.skewness,0.03454849041577483,7,21
ela_meta.lin_simple.coef.max_by_min,0.027036721372175256,8,21
nbc.nn_nb.cor,0.022913060303344612,9,21
ela_level.lda_qda_10,0.02181439947283395,10,21
ela_level.lda_mda_10,0.02122703271652819,11,21
ela_level.lda_mda_50,0.020074956929065024,12,21
nbc.nb_fitness.cor,0.015713980416652958,13,21
ela_level.lda_mda_25,0.015023391964995806,14,21
ela_meta.quad_simple.cond,0.014340035081552868,15,21
ela_meta.lin_simple.adj_r2,0.013927005878568346,16,21
ela_level.mmce_mda_50,0.011709899019197409,17,21
ela_level.mmce_lda_10,0.011117182667494079,18,21
ela_level.mmce_qda_10,0.01107581450970074,19,21
ela_level.mmce_lda_50,0.011066088583992934,20,21
ela_level.qda_mda_25,0.010412840664631962,21,21
ela_level.qda_mda_50,0.010099669266155147,22,21
ela_level.mmce_lda_25,0.008559692843236844,23,21
pca.expl_var_PC1.cor_x,0.007655638987280991,24,21
ela_meta.quad_w_interact.adj_r2,0.006178795960411657,25,21
pca.expl_var.cor_init,0.005297767396064596,26,21
ela_meta.lin_simple.intercept,0.3954194452790711,1,22
ic.eps.s,0.34788869052400606,2,22
pca.expl_var_PC1.cov_init,0.11605141539258612,3,22
ic.h.max,0.06557799346566637,4,22
ela_distr.skewness,0.05604811852274917,5,22
ela_level.lda_qda_25,0.05310046649171727,6,22
disp.ratio_mean_10,0.04880298939500386,7,22
ela_level.lda_qda_10,0.03812406722714966,8,22
ela_level.mmce_mda_50,0.030191981731759406,9,22
ela_meta.lin_simple.adj_r2,0.029099381423094105,10,22
ela_distr.number_of_peaks,0.028256594825158708,11,22
ela_meta.quad_simple.cond,0.021629603594853337,12,22
ela_level.lda_qda_50,0.019560320371953016,13,22
ela_meta.lin_simple.coef.max_by_min,0.01675721796270763,14,22
nbc.nn_nb.cor,0.015400364586886829,15,22
ela_level.lda_mda_25,0.012388633898595812,16,22
ela_level.lda_mda_50,0.011998555819408223,17,22
ela_level.qda_mda_50,0.009299022243514608,18,22
nbc.nb_fitness.cor,0.009108945168530133,19,22
pca.expl_var_PC1.cor_x,0.008756094215723303,20,22
ela_level.mmce_qda_10,0.008731466019680929,21,22
ela_meta.quad_w_interact.adj_r2,0.007593342116552399,22,22
ela_level.lda_mda_10,0.007582644659078178,23,22
ela_level.mmce_lda_25,0.007149058361591466,24,22
pca.expl_var.cor_init,0.007003252321943269,25,22
ela_level.mmce_lda_50,0.006327129420382057,26,22
ela_level.qda_mda_25,0.005217032203140807,27,22
ela_level.mmce_lda_10,0.0035105278929430414,28,22
ela_meta.lin_simple.intercept,0.4515091154362564,1,23
ic.eps.s,0.26321156945739504,2,23
disp.ratio_mean_10,0.09827964697071218,3,23
pca.expl_var_PC1.cov_init,0.08616103621484046,4,23
ela_distr.skewness,0.06993060136064036,5,23
ela_level.lda_qda_25,0.06238003296780142,6,23
ela_level.lda_qda_10,0.04304039776867515,7,23
ela_distr.number_of_peaks,0.030514011636957022,8,23
nbc.nn_nb.cor,0.029296193251997355,9,23
ela_meta.quad_simple.cond,0.023489603876814372,10,23
ela_level.mmce_qda_10,0.023248966497441972,11,23
ela_level.lda_qda_50,0.02278312615337559,12,23
ela_meta.lin_simple.coef.max_by_min,0.019880790164051605,13,23
ela_level.lda_mda_50,0.01954567147091292,14,23
ela_meta.lin_simple.adj_r2,0.018906438489774465,15,23
ela_level.lda_mda_25,0.018586736721838058,16,23
ela_level.lda_mda_10,0.01554467938288243,17,23
ela_level.mmce_mda_50,0.014375920096659943,18,23
nbc.nb_fitness.cor,0.012433171335952928,19,23
ela_level.qda_mda_50,0.011002501149721938,20,23
ela_meta.quad_w_interact.adj_r2,0.009289783686818556,21,23
ela_level.mmce_lda_25,0.008806755477940301,22,23
ela_level.mmce_lda_50,0.007484428909665625,23,23
ela_level.mmce_lda_10,0.005808437575283602,24,23
pca.expl_var.cor_init,0.003834697826043893,25,23
ela_level.qda_mda_25,0.0032128507602214107,26,23
pca.expl_var_PC1.cor_x,0.003146475596212173,27,23
ela_meta.lin_simple.intercept,0.43990987637685913,1,24
ic.eps.s,0.30015600448371677,2,24
disp.diff_median_10,0.12782637417562606,3,24
pca.expl_var_PC1.cov_init,0.08180589280795453,4,24
ela_level.lda_qda_25,0.08097283105845733,5,24
ela_level.lda_qda_10,0.039758102263936446,6,24
ela_distr.skewness,0.03194180703596366,7,24
ela_distr.number_of_peaks,0.03181898499038908,8,24
ela_meta.lin_simple.adj_r2,0.029811186725124204,9,24
ela_meta.lin_simple.coef.max_by_min,0.02781137105683691,10,24
nbc.nn_nb.cor,0.024534190886394844,11,24
ela_level.lda_qda_50,0.021705266736170632,12,24
ela_meta.quad_simple.cond,0.021150318559813516,13,24
ela_level.mmce_qda_10,0.01987380480211338,14,24
ela_meta.quad_w_interact.adj_r2,0.018063974925181366,15,24
ela_level.lda_mda_10,0.018002750304502674,16,24
ela_level.lda_mda_50,0.01621962008967621,17,24
ela_level.lda_mda_25,0.014702830454224432,18,24
pca.expl_var_PC1.cor_x,0.012794656685492064,19,24
ela_level.mmce_mda_50,0.010469450030532367,20,24
ela_level.qda_mda_50,0.007733018883289645,21,24
nbc.nb_fitness.cor,0.006606092673020268,22,24
ela_level.qda_mda_25,0.006422724069395632,23,24
ela_level.mmce_lda_50,0.005943117847820747,24,24
ela_level.mmce_lda_25,0.0050372189755445215,25,24
ela_level.mmce_lda_10,0.0037880765012341055,26,24
pca.expl_var.cor_init,0.003260067782080507,27,24
ela_meta.lin_simple.coef.min,0.4207598361703264,1,25
ic.eps.s,0.4160592297543025,2,25
pca.expl_var.cov_init,0.22286095004373407,3,25
disp.ratio_mean_10,0.0841334959602911,4,25
ela_level.lda_qda_25,0.061825642026867515,5,25
ela_distr.number_of_peaks,0.056550352892468736,6,25
ela_distr.skewness,0.030438753768983,7,25
ela_level.lda_mda_50,0.024323829221818114,8,25
nbc.nn_nb.cor,0.022741806169145642,9,25
ela_meta.lin_simple.coef.max_by_min,0.02014719837821069,10,25
ela_level.lda_qda_10,0.01862333836035227,11,25
ela_level.lda_mda_10,0.017991683172855648,12,25
ela_level.qda_mda_25,0.016896998017207805,13,25
ela_level.mmce_qda_10,0.0157313593741345,14,25
ela_meta.quad_simple.cond,0.015604615500648008,15,25
ela_level.lda_mda_25,0.015515554782819,16,25
ela_level.mmce_lda_50,0.014862231824013968,17,25
ela_meta.lin_simple.adj_r2,0.014093182578617372,18,25
ela_level.mmce_mda_50,0.011438936254510715,19,25
nbc.nb_fitness.cor,0.01048306382581408,20,25
ela_level.mmce_lda_10,0.008238895029713603,21,25
ela_level.mmce_lda_25,0.007764128439992767,22,25
ela_meta.quad_w_interact.adj_r2,0.007529946599949655,23,25
ela_level.qda_mda_50,0.004758603526593811,24,25
pca.expl_var_PC1.cor_x,0.004306029547465258,25,25
pca.expl_var.cor_init,0.0038283993402282736,26,25
ic.eps.s,0.5128719371093144,1,26
ic.eps.max,0.35113631944733226,2,26
pca.expl_var_PC1.cov_init,0.11451896166354594,3,26
disp.ratio_mean_10,0.0534329264022203,4,26
ela_level.lda_qda_25,0.050844614726740074,5,26
ela_distr.number_of_peaks,0.04608158110416974,6,26
ela_level.lda_qda_10,0.03245793531922649,7,26
ela_distr.skewness,0.02861430429545264,8,26
ela_meta.lin_simple.coef.max_by_min,0.026931869778897104,9,26
ela_meta.quad_simple.cond,0.026355973621272864,10,26
nbc.nn_nb.cor,0.02539994685509912,11,26
ela_level.mmce_mda_50,0.023160699616000723,12,26
ela_level.lda_qda_50,0.0214306040549834,13,26
ela_level.lda_mda_10,0.020167315567531444,14,26
ela_level.lda_mda_25,0.01860291293950495,15,26
ela_level.lda_mda_50,0.018562629762884576,16,26
ela_level.qda_mda_25,0.01626270633025863,17,26
ela_level.mmce_lda_50,0.013510664204885876,18,26
ela_meta.lin_simple.adj_r2,0.012443526784485825,19,26
nbc.nb_fitness.cor,0.01217605789926218,20,26
ela_meta.quad_w_interact.adj_r2,0.01175224904705431,21,26
ela_level.mmce_lda_10,0.010737929496512871,22,26
pca.expl_var_PC1.cor_x,0.00937814958891567,23,26
ela_level.qda_mda_50,0.0043037716626302515,24,26
ela_level.mmce_lda_25,0.004234215908393755,25,26
pca.expl_var.cor_init,0.002019698160542486,26,26
ela_meta.lin_simple.intercept,0.4797905016756939,1,27
ic.eps.s,0.2905414910628467,2,27
pca.expl_var_PC1.cov_init,0.09090700165546142,3,27
disp.ratio_mean_10,0.08351095295448702,4,27
ela_level.lda_qda_25,0.07345303621547739,5,27
ela_distr.number_of_peaks,0.033844616852353474,6,27
ela_level.lda_qda_10,0.03261494922787139,7,27
ela_distr.skewness,0.032175558397538516,8,27
ela_level.lda_mda_50,0.02958584893508885,9,27
ela_meta.lin_simple.adj_r2,0.025624782005778092,10,27
ela_meta.lin_simple.coef.max_by_min,0.024877484119096835,11,27
ela_level.lda_mda_25,0.02328946475063455,12,27
ela_level.lda_mda_10,0.023105244044831854,13,27
ela_level.lda_qda_50,0.021596542710623213,14,27
ela_meta.quad_simple.cond,0.020513706089937623,15,27
ela_level.mmce_mda_50,0.012613015427599926,16,27
ela_level.mmce_qda_10,0.012323529727493924,17,27
ela_meta.quad_w_interact.adj_r2,0.01081576647036841,18,27
nbc.nn_nb.cor,0.010500996532668594,19,27
nbc.nb_fitness.cor,0.009756064806989463,20,27
ela_level.qda_mda_50,0.008885736143660266,21,27
pca.expl_var_PC1.cor_x,0.006587260748225182,22,27
ela_level.qda_mda_25,0.006385717913036878,23,27
ela_level.mmce_lda_10,0.005616955398749896,24,27
ela_level.mmce_lda_50,0.005460516695762889,25,27
ela_level.mmce_lda_25,0.0048297496850598426,26,27
pca.expl_var.cor_init,0.0026318693820916042,27,27
ela_meta.lin_simple.intercept,0.461624853292897,1,28
ic.eps.s,0.34285994113786344,2,28
pca.expl_var_PC1.cov_init,0.0813586135030043,3,28
disp.ratio_mean_10,0.08106905534189643,4,28
ela_level.lda_qda_25,0.06597844629127525,5,28
ela_distr.number_of_peaks,0.039412780296488356,6,28
ela_level.lda_qda_10,0.03237172463621565,7,28
ela_distr.skewness,0.03094001738707075,8,28
ela_level.lda_mda_10,0.030345836565090035,9,28
pca.expl_var_PC1.cor_x,0.02411659170843092,10,28
ela_meta.lin_simple.coef.max_by_min,0.022526990236240167,11,28
ela_distr.kurtosis,0.02249089313490741,12,28
ela_meta.quad_simple.cond,0.021491674175053304,13,28
ela_level.lda_mda_50,0.01984277354460055,14,28
ela_level.lda_mda_25,0.018062979448368544,15,28
ela_level.qda_mda_25,0.017900212595091437,16,28
nbc.nn_nb.cor,0.016787155320794857,17,28
ela_level.lda_qda_50,0.01561866233133223,18,28
pca.expl_var.cor_init,0.014994014879946364,19,28
ela_level.mmce_qda_10,0.014575864300313653,20,28
ela_level.mmce_mda_50,0.010690651310426812,21,28
ela_level.mmce_lda_50,0.009312666534428634,22,28
nbc.nb_fitness.cor,0.008362262983066051,23,28
ela_level.mmce_lda_25,0.007730830406907055,24,28
ela_level.mmce_lda_10,0.006293697074571734,25,28
ela_level.qda_mda_50,0.003931284885668724,26,28
ela_meta.lin_simple.intercept,0.38103262912110797,1,29
ic.eps.s,0.3321439145766266,2,29
ela_level.lda_qda_25,0.10017248218149476,3,29
disp.ratio_mean_10,0.095751701786838,4,29
pca.expl_var_PC1.cov_init,0.08826691758187251,5,29
ela_distr.number_of_peaks,0.036551662410552355,6,29
ela_level.lda_qda_10,0.032962754368005734,7,29
ela_distr.skewness,0.030651765245898768,8,29
ela_level.lda_mda_50,0.02692637376064203,9,29
ela_meta.lin_simple.coef.max_by_min,0.02424568156173712,10,29
ela_meta.quad_simple.cond,0.02356079166385688,11,29
nbc.nn_nb.cor,0.02178877075668728,12,29
ela_level.lda_mda_25,0.020929722848724318,13,29
ela_level.mmce_mda_50,0.020626591909549286,14,29
ela_level.mmce_qda_10,0.017372304682943738,15,29
ela_meta.lin_simple.adj_r2,0.014574553634588401,16,29
ela_level.lda_qda_50,0.014201472445628633,17,29
ela_level.mmce_lda_25,0.01221221359286172,18,29
ela_meta.quad_w_interact.adj_r2,0.011069753584866067,19,29
pca.expl_var_PC1.cor_x,0.010736197747478781,20,29
ela_level.qda_mda_25,0.009012936835056573,21,29
pca.expl_var.cor_init,0.008933813785991852,22,29
ela_level.mmce_lda_10,0.008622799552395087,23,29
nbc.nb_fitness.cor,0.008110005627299409,24,29
ela_level.lda_mda_10,0.00783705567146829,25,29
ela_level.qda_mda_50,0.007220025038582492,26,29
ela_level.mmce_lda_50,0.006337789522937917,27,29
ela_meta.lin_simple.intercept,0.46122880057119864,1,30
ic.eps.s,0.30490454388202975,2,30
ela_level.lda_qda_25,0.08727428940530166,3,30
pca.expl_var_PC1.cov_init,0.08235779469293707,4,30
disp.ratio_mean_10,0.06502688628222114,5,30
ela_distr.number_of_peaks,0.03909822311997298,6,30
ela_distr.skewness,0.03244842023612692,7,30
nbc.nn_nb.cor,0.026528055684645273,8,30
ela_meta.quad_simple.cond,0.024709634190052933,9,30
ela_level.mmce_mda_50,0.02459752828311542,10,30
ela_level.lda_qda_10,0.023534551610560953,11,30
ela_meta.lin_simple.coef.max_by_min,0.02146377983163572,12,30
ela_level.lda_mda_50,0.021053008784923194,13,30
ela_level.lda_mda_25,0.020385972011147627,14,30
pca.expl_var_PC1.cor_x,0.014126418057697819,15,30
ela_meta.lin_simple.adj_r2,0.013560348504793708,16,30
ela_level.mmce_qda_10,0.013424835473970102,17,30
ela_meta.quad_w_interact.adj_r2,0.013190007094375289,18,30
ela_level.lda_mda_10,0.012816018646546164,19,30
ela_level.lda_qda_50,0.012245590082157663,20,30
ela_level.mmce_lda_50,0.009271671330177226,21,30
pca.expl_var.cor_init,0.00920145145118793,22,30
nbc.nb_fitness.cor,0.008599868656221348,23,30
ela_level.qda_mda_50,0.008519793533180282,24,30
ela_level.mmce_lda_10,0.005179051686698728,25,30
ela_level.qda_mda_25,0.004570146396732433,26,30
ela_level.mmce_lda_25,0.004484130940153298,27,30
